Well,Sample description 1,Sample description 2,Sample description 3,Sample description 4,Target,Conc(copies/µL),Status,Experiment,SampleType,TargetType,Supermix,DyeName(s),Accepted Droplets,Positives,Negatives
A01,,,,,FLUA,0.799520909786224,Manual,DQ,Unknown,Unknown,One-Step RT-ddPCR Advanced Kit for Probes,FAM,20459,13,20446
A01,,,,,BRSV,2.64651083946228,Manual,DQ,Unknown,Unknown,One-Step RT-ddPCR Advanced Kit for Probes,HEX,20459,43,20416
A01,,,,,RSV,0.861043572425842,Manual,DQ,Unknown,Unknown,One-Step RT-ddPCR Advanced Kit for Probes,Cy5,20459,14,20445
A01,,,,,FLUB,0.0614835694432259,Manual,DQ,Unknown,Unknown,One-Step RT-ddPCR Advanced Kit for Probes,Cy5.5,20459,1,20458
A01,,,,,SC2,2.46168994903564,Manual,DQ,Unknown,Unknown,One-Step RT-ddPCR Advanced Kit for Probes,ROX,20459,40,20419
A02,,,,,FLUA,2.28214025497437,Manual,DQ,Unknown,Unknown,One-Step RT-ddPCR Advanced Kit for Probes,FAM,18757,34,18723
A02,,,,,BRSV,2.81971669197083,Manual,DQ,Unknown,Unknown,One-Step RT-ddPCR Advanced Kit for Probes,HEX,18757,42,18715
A02,,,,,RSV,0.134128987789154,Manual,DQ,Unknown,Unknown,One-Step RT-ddPCR Advanced Kit for Probes,Cy5,18757,2,18755
A02,,,,,FLUB,0.201198846101761,Manual,DQ,Unknown,Unknown,One-Step RT-ddPCR Advanced Kit for Probes,Cy5.5,18757,3,18754
A02,,,,,SC2,3.55925941467285,Manual,DQ,Unknown,Unknown,One-Step RT-ddPCR Advanced Kit for Probes,ROX,18757,53,18704
A03,,,,,FLUA,0.509307265281677,Manual,DQ,Unknown,Unknown,One-Step RT-ddPCR Advanced Kit for Probes,FAM,19762,8,19754
A03,,,,,BRSV,2.16598153114319,Manual,DQ,Unknown,Unknown,One-Step RT-ddPCR Advanced Kit for Probes,HEX,19762,34,19728
A03,,,,,RSV,0,Manual,DQ,Unknown,Unknown,One-Step RT-ddPCR Advanced Kit for Probes,Cy5,19762,0,19762
A03,,,,,FLUB,0,Manual,DQ,Unknown,Unknown,One-Step RT-ddPCR Advanced Kit for Probes,Cy5.5,19762,0,19762
A03,,,,,SC2,0,Manual,DQ,Unknown,Unknown,One-Step RT-ddPCR Advanced Kit for Probes,ROX,19762,0,19762
A04,,,,,FLUA,1.86946797370911,Manual,DQ,Unknown,Unknown,One-Step RT-ddPCR Advanced Kit for Probes,FAM,19527,29,19498
A04,,,,,BRSV,3.09579992294312,Manual,DQ,Unknown,Unknown,One-Step RT-ddPCR Advanced Kit for Probes,HEX,19527,48,19479
A04,,,,,RSV,1.16003227233887,Manual,DQ,Unknown,Unknown,One-Step RT-ddPCR Advanced Kit for Probes,Cy5,19527,18,19509
A04,,,,,FLUB,0,Manual,DQ,Unknown,Unknown,One-Step RT-ddPCR Advanced Kit for Probes,Cy5.5,19527,0,19527
A04,,,,,SC2,1.80495727062225,Manual,DQ,Unknown,Unknown,One-Step RT-ddPCR Advanced Kit for Probes,ROX,19527,28,19499
A05,,,,,FLUA,0.543147444725037,Manual,DQ,Unknown,Unknown,One-Step RT-ddPCR Advanced Kit for Probes,FAM,18531,8,18523
A05,,,,,BRSV,1.42626261711121,Manual,DQ,Unknown,Unknown,One-Step RT-ddPCR Advanced Kit for Probes,HEX,18531,21,18510
A05,,,,,RSV,0,Manual,DQ,Unknown,Unknown,One-Step RT-ddPCR Advanced Kit for Probes,Cy5,18531,0,18531
A05,,,,,FLUB,0,Manual,DQ,Unknown,Unknown,One-Step RT-ddPCR Advanced Kit for Probes,Cy5.5,18531,0,18531
A05,,,,,SC2,0.678970992565155,Manual,DQ,Unknown,Unknown,One-Step RT-ddPCR Advanced Kit for Probes,ROX,18531,10,18521
B01,,,,,FLUA,1.58098316192627,Manual,DQ,Unknown,Unknown,One-Step RT-ddPCR Advanced Kit for Probes,FAM,19903,25,19878
B01,,,,,BRSV,4.11469650268555,Manual,DQ,Unknown,Unknown,One-Step RT-ddPCR Advanced Kit for Probes,HEX,19903,65,19838
B01,,,,,RSV,0.632154822349548,Manual,DQ,Unknown,Unknown,One-Step RT-ddPCR Advanced Kit for Probes,Cy5,19903,10,19893
B01,,,,,FLUB,0.0632011890411377,Manual,DQ,Unknown,Unknown,One-Step RT-ddPCR Advanced Kit for Probes,Cy5.5,19903,1,19902
B01,,,,,SC2,2.97389388084412,Manual,DQ,Unknown,Unknown,One-Step RT-ddPCR Advanced Kit for Probes,ROX,19903,47,19856
B02,,,,,FLUA,0.476169615983963,Manual,DQ,Unknown,Unknown,One-Step RT-ddPCR Advanced Kit for Probes,FAM,21137,8,21129
B02,,,,,BRSV,0.297584891319275,Manual,DQ,Unknown,Unknown,One-Step RT-ddPCR Advanced Kit for Probes,HEX,21137,5,21132
B02,,,,,RSV,0.119025513529778,Manual,DQ,Unknown,Unknown,One-Step RT-ddPCR Advanced Kit for Probes,Cy5,21137,2,21135
B02,,,,,FLUB,0,Manual,DQ,Unknown,Unknown,One-Step RT-ddPCR Advanced Kit for Probes,Cy5.5,21137,0,21137
B02,,,,,SC2,1.01207602024078,Manual,DQ,Unknown,Unknown,One-Step RT-ddPCR Advanced Kit for Probes,ROX,21137,17,21120
B03,,,,,FLUA,0.322984129190445,Manual,DQ,Unknown,Unknown,One-Step RT-ddPCR Advanced Kit for Probes,FAM,19475,5,19470
B03,,,,,BRSV,2.39204859733582,Manual,DQ,Unknown,Unknown,One-Step RT-ddPCR Advanced Kit for Probes,HEX,19475,37,19438
B03,,,,,RSV,0.064590185880661,Manual,DQ,Unknown,Unknown,One-Step RT-ddPCR Advanced Kit for Probes,Cy5,19475,1,19474
B03,,,,,FLUB,0.129183694720268,Manual,DQ,Unknown,Unknown,One-Step RT-ddPCR Advanced Kit for Probes,Cy5.5,19475,2,19473
B03,,,,,SC2,0,Manual,DQ,Unknown,Unknown,One-Step RT-ddPCR Advanced Kit for Probes,ROX,19475,0,19475
B04,,,,,FLUA,0.683536052703857,Manual,DQ,Unknown,Unknown,One-Step RT-ddPCR Advanced Kit for Probes,FAM,20248,11,20237
B04,,,,,BRSV,0.248515591025352,Manual,DQ,Unknown,Unknown,One-Step RT-ddPCR Advanced Kit for Probes,HEX,20248,4,20244
B04,,,,,RSV,0,Manual,DQ,Unknown,Unknown,One-Step RT-ddPCR Advanced Kit for Probes,Cy5,20248,0,20248
B04,,,,,FLUB,0,Manual,DQ,Unknown,Unknown,One-Step RT-ddPCR Advanced Kit for Probes,Cy5.5,20248,0,20248
B04,,,,,SC2,0.621381044387817,Manual,DQ,Unknown,Unknown,One-Step RT-ddPCR Advanced Kit for Probes,ROX,20248,10,20238
B05,,,,,FLUA,1.65662527084351,Manual,DQ,Unknown,Unknown,One-Step RT-ddPCR Advanced Kit for Probes,FAM,18235,24,18211
B05,,,,,BRSV,1.93294179439545,Manual,DQ,Unknown,Unknown,One-Step RT-ddPCR Advanced Kit for Probes,HEX,18235,28,18207
B05,,,,,RSV,0.482957035303116,Manual,DQ,Unknown,Unknown,One-Step RT-ddPCR Advanced Kit for Probes,Cy5,18235,7,18228
B05,,,,,FLUB,0,Manual,DQ,Unknown,Unknown,One-Step RT-ddPCR Advanced Kit for Probes,Cy5.5,18235,0,18235
B05,,,,,SC2,0.137968808412552,Manual,DQ,Unknown,Unknown,One-Step RT-ddPCR Advanced Kit for Probes,ROX,18235,2,18233
C01,,,,,FLUA,1.38649022579193,Manual,DQ,Unknown,Unknown,One-Step RT-ddPCR Advanced Kit for Probes,FAM,19970,22,19948
C01,,,,,BRSV,3.72176671028137,Manual,DQ,Unknown,Unknown,One-Step RT-ddPCR Advanced Kit for Probes,HEX,19970,59,19911
C01,,,,,RSV,0.630033433437347,Manual,DQ,Unknown,Unknown,One-Step RT-ddPCR Advanced Kit for Probes,Cy5,19970,10,19960
C01,,,,,FLUB,0.44099023938179,Manual,DQ,Unknown,Unknown,One-Step RT-ddPCR Advanced Kit for Probes,Cy5.5,19970,7,19963
C01,,,,,SC2,1.95413160324097,Manual,DQ,Unknown,Unknown,One-Step RT-ddPCR Advanced Kit for Probes,ROX,19970,31,19939
C02,,,,,FLUA,1.21844494342804,Manual,DQ,Unknown,Unknown,One-Step RT-ddPCR Advanced Kit for Probes,FAM,20657,20,20637
C02,,,,,BRSV,2.43807148933411,Manual,DQ,Unknown,Unknown,One-Step RT-ddPCR Advanced Kit for Probes,HEX,20657,40,20617
C02,,,,,RSV,0.36540961265564,Manual,DQ,Unknown,Unknown,One-Step RT-ddPCR Advanced Kit for Probes,Cy5,20657,6,20651
C02,,,,,FLUB,0.182691529393196,Manual,DQ,Unknown,Unknown,One-Step RT-ddPCR Advanced Kit for Probes,Cy5.5,20657,3,20654
C02,,,,,SC2,1.03560304641724,Manual,DQ,Unknown,Unknown,One-Step RT-ddPCR Advanced Kit for Probes,ROX,20657,17,20640
C03,,,,,FLUA,0.374902874231339,Manual,DQ,Unknown,Unknown,One-Step RT-ddPCR Advanced Kit for Probes,FAM,20134,6,20128
C03,,,,,BRSV,2.1259286403656,Manual,DQ,Unknown,Unknown,One-Step RT-ddPCR Advanced Kit for Probes,HEX,20134,34,20100
C03,,,,,RSV,0.0624760538339615,Manual,DQ,Unknown,Unknown,One-Step RT-ddPCR Advanced Kit for Probes,Cy5,20134,1,20133
C03,,,,,FLUB,0.0624760538339615,Manual,DQ,Unknown,Unknown,One-Step RT-ddPCR Advanced Kit for Probes,Cy5.5,20134,1,20133
C03,,,,,SC2,0,Manual,DQ,Unknown,Unknown,One-Step RT-ddPCR Advanced Kit for Probes,ROX,20134,0,20134
C04,,,,,FLUA,0.551035761833191,Manual,DQ,Unknown,Unknown,One-Step RT-ddPCR Advanced Kit for Probes,FAM,20549,9,20540
C04,,,,,BRSV,0.244874998927116,Manual,DQ,Unknown,Unknown,One-Step RT-ddPCR Advanced Kit for Probes,HEX,20549,4,20545
C04,,,,,RSV,0,Manual,DQ,Unknown,Unknown,One-Step RT-ddPCR Advanced Kit for Probes,Cy5,20549,0,20549
C04,,,,,FLUB,0.122431538999081,Manual,DQ,Unknown,Unknown,One-Step RT-ddPCR Advanced Kit for Probes,Cy5.5,20549,2,20547
C04,,,,,SC2,0,Manual,DQ,Unknown,Unknown,One-Step RT-ddPCR Advanced Kit for Probes,ROX,20549,0,20549
C05,,,,,FLUA,0.700173497200012,Manual,DQ,Unknown,Unknown,One-Step RT-ddPCR Advanced Kit for Probes,FAM,14376,8,14368
C05,,,,,BRSV,3.68026638031006,Manual,DQ,Unknown,Unknown,One-Step RT-ddPCR Advanced Kit for Probes,HEX,14376,42,14334
C05,,,,,RSV,0,Manual,DQ,Unknown,Unknown,One-Step RT-ddPCR Advanced Kit for Probes,Cy5,14376,0,14376
C05,,,,,FLUB,0.0875003710389137,Manual,DQ,Unknown,Unknown,One-Step RT-ddPCR Advanced Kit for Probes,Cy5.5,14376,1,14375
C05,,,,,SC2,4.03133058547974,Manual,DQ,Unknown,Unknown,One-Step RT-ddPCR Advanced Kit for Probes,ROX,14376,46,14330
D01,,,,,FLUA,1.25017309188843,Manual,DQ,Unknown,Unknown,One-Step RT-ddPCR Advanced Kit for Probes,FAM,20133,20,20113
D01,,,,,BRSV,2.68940997123718,Manual,DQ,Unknown,Unknown,One-Step RT-ddPCR Advanced Kit for Probes,HEX,20133,43,20090
D01,,,,,RSV,0.812471210956573,Manual,DQ,Unknown,Unknown,One-Step RT-ddPCR Advanced Kit for Probes,Cy5,20133,13,20120
D01,,,,,FLUB,0.124961413443089,Manual,DQ,Unknown,Unknown,One-Step RT-ddPCR Advanced Kit for Probes,Cy5.5,20133,2,20131
D01,,,,,SC2,1.75059044361115,Manual,DQ,Unknown,Unknown,One-Step RT-ddPCR Advanced Kit for Probes,ROX,20133,28,20105
D02,,,,,FLUA,2.77115225791931,Manual,DQ,Unknown,Unknown,One-Step RT-ddPCR Advanced Kit for Probes,FAM,20903,46,20857
D02,,,,,BRSV,4.46093416213989,Manual,DQ,Unknown,Unknown,One-Step RT-ddPCR Advanced Kit for Probes,HEX,20903,74,20829
D02,,,,,RSV,0.060177568346262,Manual,DQ,Unknown,Unknown,One-Step RT-ddPCR Advanced Kit for Probes,Cy5,20903,1,20902
D02,,,,,FLUB,1.02341032028198,Manual,DQ,Unknown,Unknown,One-Step RT-ddPCR Advanced Kit for Probes,Cy5.5,20903,17,20886
D02,,,,,SC2,0.78253298997879,Manual,DQ,Unknown,Unknown,One-Step RT-ddPCR Advanced Kit for Probes,ROX,20903,13,20890
D03,,,,,FLUA,1.31867790222168,Manual,DQ,Unknown,Unknown,One-Step RT-ddPCR Advanced Kit for Probes,FAM,20042,21,20021
D03,,,,,BRSV,3.89723062515259,Manual,DQ,Unknown,Unknown,One-Step RT-ddPCR Advanced Kit for Probes,HEX,20042,62,19980
D03,,,,,RSV,0.25107017159462,Manual,DQ,Unknown,Unknown,One-Step RT-ddPCR Advanced Kit for Probes,Cy5,20042,4,20038
D03,,,,,FLUB,0.50219053030014,Manual,DQ,Unknown,Unknown,One-Step RT-ddPCR Advanced Kit for Probes,Cy5.5,20042,8,20034
D03,,,,,SC2,1.31867790222168,Manual,DQ,Unknown,Unknown,One-Step RT-ddPCR Advanced Kit for Probes,ROX,20042,21,20021
D04,,,,,FLUA,0.577250838279724,Manual,DQ,Unknown,Unknown,One-Step RT-ddPCR Advanced Kit for Probes,FAM,19616,9,19607
D04,,,,,BRSV,0.962231934070587,Manual,DQ,Unknown,Unknown,One-Step RT-ddPCR Advanced Kit for Probes,HEX,19616,15,19601
D04,,,,,RSV,0.0641259029507637,Manual,DQ,Unknown,Unknown,One-Step RT-ddPCR Advanced Kit for Probes,Cy5,19616,1,19615
D04,,,,,FLUB,0.0641259029507637,Manual,DQ,Unknown,Unknown,One-Step RT-ddPCR Advanced Kit for Probes,Cy5.5,19616,1,19615
D04,,,,,SC2,0.962231934070587,Manual,DQ,Unknown,Unknown,One-Step RT-ddPCR Advanced Kit for Probes,ROX,19616,15,19601
D05,,,,,FLUA,0.903311789035797,Manual,DQ,Unknown,Unknown,One-Step RT-ddPCR Advanced Kit for Probes,FAM,19502,14,19488
D05,,,,,BRSV,0,Manual,DQ,Unknown,Unknown,One-Step RT-ddPCR Advanced Kit for Probes,HEX,19502,0,19502
D05,,,,,RSV,0,Manual,DQ,Unknown,Unknown,One-Step RT-ddPCR Advanced Kit for Probes,Cy5,19502,0,19502
D05,,,,,FLUB,0.0645007640123367,Manual,DQ,Unknown,Unknown,One-Step RT-ddPCR Advanced Kit for Probes,Cy5.5,19502,1,19501
D05,,,,,SC2,0,Manual,DQ,Unknown,Unknown,One-Step RT-ddPCR Advanced Kit for Probes,ROX,19502,0,19502
E01,,,,,FLUA,1.05260384082794,Manual,DQ,Unknown,Unknown,One-Step RT-ddPCR Advanced Kit for Probes,FAM,19128,16,19112
E01,,,,,BRSV,2.63316321372986,Manual,DQ,Unknown,Unknown,One-Step RT-ddPCR Advanced Kit for Probes,HEX,19128,40,19088
E01,,,,,RSV,1.71092903614044,Manual,DQ,Unknown,Unknown,One-Step RT-ddPCR Advanced Kit for Probes,Cy5,19128,26,19102
E01,,,,,FLUB,0,Manual,DQ,Unknown,Unknown,One-Step RT-ddPCR Advanced Kit for Probes,Cy5.5,19128,0,19128
E01,,,,,SC2,1.11842095851898,Manual,DQ,Unknown,Unknown,One-Step RT-ddPCR Advanced Kit for Probes,ROX,19128,17,19111
E02,,,,,FLUA,1.50142252445221,Manual,DQ,Unknown,Unknown,One-Step RT-ddPCR Advanced Kit for Probes,FAM,20957,25,20932
E02,,,,,BRSV,2.16261672973633,Manual,DQ,Unknown,Unknown,One-Step RT-ddPCR Advanced Kit for Probes,HEX,20957,36,20921
E02,,,,,RSV,0,Manual,DQ,Unknown,Unknown,One-Step RT-ddPCR Advanced Kit for Probes,Cy5,20957,0,20957
E02,,,,,FLUB,0.54030567407608,Manual,DQ,Unknown,Unknown,One-Step RT-ddPCR Advanced Kit for Probes,Cy5.5,20957,9,20948
E02,,,,,SC2,0.900638401508331,Manual,DQ,Unknown,Unknown,One-Step RT-ddPCR Advanced Kit for Probes,ROX,20957,15,20942
E03,,,,,FLUA,1.11031341552734,Manual,DQ,Unknown,Unknown,One-Step RT-ddPCR Advanced Kit for Probes,FAM,20401,18,20383
E03,,,,,BRSV,3.27206563949585,Manual,DQ,Unknown,Unknown,One-Step RT-ddPCR Advanced Kit for Probes,HEX,20401,53,20348
E03,,,,,RSV,0.0616583712399006,Manual,DQ,Unknown,Unknown,One-Step RT-ddPCR Advanced Kit for Probes,Cy5,20401,1,20400
E03,,,,,FLUB,0.0616583712399006,Manual,DQ,Unknown,Unknown,One-Step RT-ddPCR Advanced Kit for Probes,Cy5.5,20401,1,20400
E03,,,,,SC2,1.23374199867249,Manual,DQ,Unknown,Unknown,One-Step RT-ddPCR Advanced Kit for Probes,ROX,20401,20,20381
E04,,,,,FLUA,0.752534627914429,Manual,DQ,Unknown,Unknown,One-Step RT-ddPCR Advanced Kit for Probes,FAM,20064,12,20052
E04,,,,,BRSV,0.0626940280199051,Manual,DQ,Unknown,Unknown,One-Step RT-ddPCR Advanced Kit for Probes,HEX,20064,1,20063
E04,,,,,RSV,0,Manual,DQ,Unknown,Unknown,One-Step RT-ddPCR Advanced Kit for Probes,Cy5,20064,0,20064
E04,,,,,FLUB,0,Manual,DQ,Unknown,Unknown,One-Step RT-ddPCR Advanced Kit for Probes,Cy5.5,20064,0,20064
E04,,,,,SC2,0,Manual,DQ,Unknown,Unknown,One-Step RT-ddPCR Advanced Kit for Probes,ROX,20064,0,20064
E05,,,,,FLUA,0.912027776241302,Manual,DQ,Unknown,Unknown,One-Step RT-ddPCR Advanced Kit for Probes,FAM,17936,13,17923
E05,,,,,BRSV,0,Manual,DQ,Unknown,Unknown,One-Step RT-ddPCR Advanced Kit for Probes,HEX,17936,0,17936
E05,,,,,RSV,0,Manual,DQ,Unknown,Unknown,One-Step RT-ddPCR Advanced Kit for Probes,Cy5,17936,0,17936
E05,,,,,FLUB,0,Manual,DQ,Unknown,Unknown,One-Step RT-ddPCR Advanced Kit for Probes,Cy5.5,17936,0,17936
E05,,,,,SC2,0,Manual,DQ,Unknown,Unknown,One-Step RT-ddPCR Advanced Kit for Probes,ROX,17936,0,17936
F01,,,,,FLUA,0.947541773319244,Manual,DQ,Unknown,Unknown,One-Step RT-ddPCR Advanced Kit for Probes,FAM,18592,14,18578
F01,,,,,BRSV,19.6374416351318,Manual,DQ,Unknown,Unknown,One-Step RT-ddPCR Advanced Kit for Probes,HEX,18592,288,18304
F01,,,,,RSV,0.338325828313828,Manual,DQ,Unknown,Unknown,One-Step RT-ddPCR Advanced Kit for Probes,Cy5,18592,5,18587
F01,,,,,FLUB,0.20298458635807,Manual,DQ,Unknown,Unknown,One-Step RT-ddPCR Advanced Kit for Probes,Cy5.5,18592,3,18589
F01,,,,,SC2,0.87983649969101,Manual,DQ,Unknown,Unknown,One-Step RT-ddPCR Advanced Kit for Probes,ROX,18592,13,18579
F02,,,,,FLUA,3.85385632514954,Manual,DQ,Unknown,Unknown,One-Step RT-ddPCR Advanced Kit for Probes,FAM,20921,64,20857
F02,,,,,BRSV,2.58800768852234,Manual,DQ,Unknown,Unknown,One-Step RT-ddPCR Advanced Kit for Probes,HEX,20921,43,20878
F02,,,,,RSV,0.721699297428131,Manual,DQ,Unknown,Unknown,One-Step RT-ddPCR Advanced Kit for Probes,Cy5,20921,12,20909
F02,,,,,FLUB,1.26324546337128,Manual,DQ,Unknown,Unknown,One-Step RT-ddPCR Advanced Kit for Probes,Cy5.5,20921,21,20900
F02,,,,,SC2,1.32343173027039,Manual,DQ,Unknown,Unknown,One-Step RT-ddPCR Advanced Kit for Probes,ROX,20921,22,20899
F03,,,,,FLUA,1.60167801380157,Manual,DQ,Unknown,Unknown,One-Step RT-ddPCR Advanced Kit for Probes,FAM,19646,25,19621
F03,,,,,BRSV,3.07702493667603,Manual,DQ,Unknown,Unknown,One-Step RT-ddPCR Advanced Kit for Probes,HEX,19646,48,19598
F03,,,,,RSV,0.512315094470978,Manual,DQ,Unknown,Unknown,One-Step RT-ddPCR Advanced Kit for Probes,Cy5,19646,8,19638
F03,,,,,FLUB,0,Manual,DQ,Unknown,Unknown,One-Step RT-ddPCR Advanced Kit for Probes,Cy5.5,19646,0,19646
F03,,,,,SC2,1.47346866130829,Manual,DQ,Unknown,Unknown,One-Step RT-ddPCR Advanced Kit for Probes,ROX,19646,23,19623
F04,,,,,FLUA,0.547412037849426,Manual,DQ,Unknown,Unknown,One-Step RT-ddPCR Advanced Kit for Probes,FAM,20685,9,20676
F04,,,,,BRSV,1.82563400268555,Manual,DQ,Unknown,Unknown,One-Step RT-ddPCR Advanced Kit for Probes,HEX,20685,30,20655
F04,,,,,RSV,0,Manual,DQ,Unknown,Unknown,One-Step RT-ddPCR Advanced Kit for Probes,Cy5,20685,0,20685
F04,,,,,FLUB,0.182444199919701,Manual,DQ,Unknown,Unknown,One-Step RT-ddPCR Advanced Kit for Probes,Cy5.5,20685,3,20682
F04,,,,,SC2,0.30408838391304,Manual,DQ,Unknown,Unknown,One-Step RT-ddPCR Advanced Kit for Probes,ROX,20685,5,20680
F05,,,,,FLUA,0.632780253887177,Manual,DQ,Unknown,Unknown,One-Step RT-ddPCR Advanced Kit for Probes,FAM,17895,9,17886
F05,,,,,BRSV,0,Manual,DQ,Unknown,Unknown,One-Step RT-ddPCR Advanced Kit for Probes,HEX,17895,0,17895
F05,,,,,RSV,0,Manual,DQ,Unknown,Unknown,One-Step RT-ddPCR Advanced Kit for Probes,Cy5,17895,0,17895
F05,,,,,FLUB,0.0702931955456734,Manual,DQ,Unknown,Unknown,One-Step RT-ddPCR Advanced Kit for Probes,Cy5.5,17895,1,17894
F05,,,,,SC2,0,Manual,DQ,Unknown,Unknown,One-Step RT-ddPCR Advanced Kit for Probes,ROX,17895,0,17895
G01,,,,,FLUA,1.37505376338959,Manual,DQ,Unknown,Unknown,One-Step RT-ddPCR Advanced Kit for Probes,FAM,20136,22,20114
G01,,,,,BRSV,2.9394416809082,Manual,DQ,Unknown,Unknown,One-Step RT-ddPCR Advanced Kit for Probes,HEX,20136,47,20089
G01,,,,,RSV,0.62483811378479,Manual,DQ,Unknown,Unknown,One-Step RT-ddPCR Advanced Kit for Probes,Cy5,20136,10,20126
G01,,,,,FLUB,0,Manual,DQ,Unknown,Unknown,One-Step RT-ddPCR Advanced Kit for Probes,Cy5.5,20136,0,20136
G01,,,,,SC2,2.06314468383789,Manual,DQ,Unknown,Unknown,One-Step RT-ddPCR Advanced Kit for Probes,ROX,20136,33,20103
G02,,,,,FLUA,0.534590482711792,Manual,DQ,Unknown,Unknown,One-Step RT-ddPCR Advanced Kit for Probes,FAM,21181,9,21172
G02,,,,,BRSV,2.49670147895813,Manual,DQ,Unknown,Unknown,One-Step RT-ddPCR Advanced Kit for Probes,HEX,21181,42,21139
G02,,,,,RSV,0,Manual,DQ,Unknown,Unknown,One-Step RT-ddPCR Advanced Kit for Probes,Cy5,21181,0,21181
G02,,,,,FLUB,0,Manual,DQ,Unknown,Unknown,One-Step RT-ddPCR Advanced Kit for Probes,Cy5.5,21181,0,21181
G02,,,,,SC2,0,Manual,DQ,Unknown,Unknown,One-Step RT-ddPCR Advanced Kit for Probes,ROX,21181,0,21181
G03,,,,,FLUA,0.547570884227753,Manual,DQ,Unknown,Unknown,One-Step RT-ddPCR Advanced Kit for Probes,FAM,20679,9,20670
G03,,,,,BRSV,0.121661826968193,Manual,DQ,Unknown,Unknown,One-Step RT-ddPCR Advanced Kit for Probes,HEX,20679,2,20677
G03,,,,,RSV,0,Manual,DQ,Unknown,Unknown,One-Step RT-ddPCR Advanced Kit for Probes,Cy5,20679,0,20679
G03,,,,,FLUB,0.121661826968193,Manual,DQ,Unknown,Unknown,One-Step RT-ddPCR Advanced Kit for Probes,Cy5.5,20679,2,20677
G03,,,,,SC2,0,Manual,DQ,Unknown,Unknown,One-Step RT-ddPCR Advanced Kit for Probes,ROX,20679,0,20679
G04,,,,,FLUA,1.06563913822174,Manual,DQ,Unknown,Unknown,One-Step RT-ddPCR Advanced Kit for Probes,FAM,20075,17,20058
G04,,,,,BRSV,0.814819276332855,Manual,DQ,Unknown,Unknown,One-Step RT-ddPCR Advanced Kit for Probes,HEX,20075,13,20062
G04,,,,,RSV,0,Manual,DQ,Unknown,Unknown,One-Step RT-ddPCR Advanced Kit for Probes,Cy5,20075,0,20075
G04,,,,,FLUB,0,Manual,DQ,Unknown,Unknown,One-Step RT-ddPCR Advanced Kit for Probes,Cy5.5,20075,0,20075
G04,,,,,SC2,0,Manual,DQ,Unknown,Unknown,One-Step RT-ddPCR Advanced Kit for Probes,ROX,20075,0,20075
G05,,,,,FLUA,0.928759396076202,Manual,DQ,Unknown,Unknown,One-Step RT-ddPCR Advanced Kit for Probes,FAM,17613,13,17600
G05,,,,,BRSV,0,Manual,DQ,Unknown,Unknown,One-Step RT-ddPCR Advanced Kit for Probes,HEX,17613,0,17613
G05,,,,,RSV,0,Manual,DQ,Unknown,Unknown,One-Step RT-ddPCR Advanced Kit for Probes,Cy5,17613,0,17613
G05,,,,,FLUB,0.0714186877012253,Manual,DQ,Unknown,Unknown,One-Step RT-ddPCR Advanced Kit for Probes,Cy5.5,17613,1,17612
G05,,,,,SC2,0,Manual,DQ,Unknown,Unknown,One-Step RT-ddPCR Advanced Kit for Probes,ROX,17613,0,17613
H01,,,,,FLUA,1.03901839256287,Manual,DQ,Unknown,Unknown,One-Step RT-ddPCR Advanced Kit for Probes,FAM,19378,16,19362
H01,,,,,BRSV,4.03098583221436,Manual,DQ,Unknown,Unknown,One-Step RT-ddPCR Advanced Kit for Probes,HEX,19378,62,19316
H01,,,,,RSV,0.844137072563171,Manual,DQ,Unknown,Unknown,One-Step RT-ddPCR Advanced Kit for Probes,Cy5,19378,13,19365
H01,,,,,FLUB,0.0649135112762451,Manual,DQ,Unknown,Unknown,One-Step RT-ddPCR Advanced Kit for Probes,Cy5.5,19378,1,19377
H01,,,,,SC2,2.66420483589172,Manual,DQ,Unknown,Unknown,One-Step RT-ddPCR Advanced Kit for Probes,ROX,19378,41,19337
H02,,,,,FLUA,0.257917076349258,Manual,DQ,Unknown,Unknown,One-Step RT-ddPCR Advanced Kit for Probes,FAM,19510,4,19506
H02,,,,,BRSV,3.42170071601868,Manual,DQ,Unknown,Unknown,One-Step RT-ddPCR Advanced Kit for Probes,HEX,19510,53,19457
H02,,,,,RSV,0.0644743144512177,Manual,DQ,Unknown,Unknown,One-Step RT-ddPCR Advanced Kit for Probes,Cy5,19510,1,19509
H02,,,,,FLUB,0.0644743144512177,Manual,DQ,Unknown,Unknown,One-Step RT-ddPCR Advanced Kit for Probes,Cy5.5,19510,1,19509
H02,,,,,SC2,1.61285006999969,Manual,DQ,Unknown,Unknown,One-Step RT-ddPCR Advanced Kit for Probes,ROX,19510,25,19485
H03,,,,,FLUA,1.94951236248016,Manual,DQ,Unknown,Unknown,One-Step RT-ddPCR Advanced Kit for Probes,FAM,20663,32,20631
H03,,,,,BRSV,2.80337500572205,Manual,DQ,Unknown,Unknown,One-Step RT-ddPCR Advanced Kit for Probes,HEX,20663,46,20617
H03,,,,,RSV,0.487094879150391,Manual,DQ,Unknown,Unknown,One-Step RT-ddPCR Advanced Kit for Probes,Cy5,20663,8,20655
H03,,,,,FLUB,0,Manual,DQ,Unknown,Unknown,One-Step RT-ddPCR Advanced Kit for Probes,Cy5.5,20663,0,20663
H03,,,,,SC2,1.21809101104736,Manual,DQ,Unknown,Unknown,One-Step RT-ddPCR Advanced Kit for Probes,ROX,20663,20,20643
H04,,,,,FLUA,0.874078631401062,Manual,DQ,Unknown,Unknown,One-Step RT-ddPCR Advanced Kit for Probes,FAM,20154,14,20140
H04,,,,,BRSV,0.749173164367676,Manual,DQ,Unknown,Unknown,One-Step RT-ddPCR Advanced Kit for Probes,HEX,20154,12,20142
H04,,,,,RSV,0.187251448631287,Manual,DQ,Unknown,Unknown,One-Step RT-ddPCR Advanced Kit for Probes,Cy5,20154,3,20151
H04,,,,,FLUB,0.0624140501022339,Manual,DQ,Unknown,Unknown,One-Step RT-ddPCR Advanced Kit for Probes,Cy5.5,20154,1,20153
H04,,,,,SC2,0.56183797121048,Manual,DQ,Unknown,Unknown,One-Step RT-ddPCR Advanced Kit for Probes,ROX,20154,9,20145
H05,,,,,FLUA,0.508072972297668,Manual,DQ,Unknown,Unknown,One-Step RT-ddPCR Advanced Kit for Probes,FAM,19810,8,19802
H05,,,,,BRSV,0,Manual,DQ,Unknown,Unknown,One-Step RT-ddPCR Advanced Kit for Probes,HEX,19810,0,19810
H05,,,,,RSV,0,Manual,DQ,Unknown,Unknown,One-Step RT-ddPCR Advanced Kit for Probes,Cy5,19810,0,19810
H05,,,,,FLUB,0.0634979009628296,Manual,DQ,Unknown,Unknown,One-Step RT-ddPCR Advanced Kit for Probes,Cy5.5,19810,1,19809
H05,,,,,SC2,0,Manual,DQ,Unknown,Unknown,One-Step RT-ddPCR Advanced Kit for Probes,ROX,19810,0,19810